"Foretagsnamn","Organisationsnummer","Telefon","Adress"
"QPG AB","556243-0933","031-303 44 00","Geijersg. 1B, 411 34 Göteborg"
"TOL Arkitekter AB","556710-7759","08-642 20 25","Virkesvägen 24, 120 30 Stockholm"
"Nyréns Arkitektkontor Aktiebolag","556221-6613","08-698 43 00","Magnus Ladulåsgatan 63, 118 27 Stockholm"
"Falugruppen arkitektkontor AB","556954-7622","023-79 40 50","Åsgatan 12, 791 71 Falun"
"Tillberg Design AB","556687-7816","076-722 30 86","Småbåtshamnen 24, 26339 HÖGANÄS"
"Abako Arkitektkontor Aktiebolag","556093-1452","031-85 67 00","Kastellgatan 1, 41307 Göteborg"
"Magnus Ståhl Arkitektbyrå AB","556438-0474","08-677 00 99","Parkvägen 7, 18160 Lidingö"
"General Architecture Sweden AB","556710-9284","08-658 16 80",""
"Be Konstruktörer & Arkitekter AB","559335-6362","010-405 10 00","Drottninggatan 97, 113 60 Stockholm"
"Total Arkitektur","556485-7315","08-441 36 00",""
"Equator Stockholm AB","556064-0616","08-506 025 00","Sveavägen 24-26 7 tr., 111 83 Stockholm"
"Kanozi Arkitekter AB","556474-0024","070-514 48 14","Järntorget 3, 413 04 Göteborg"
"Mats Fredriksson arkitektkontor AB","556594-1779","011-10 00 66","Skolgatan 1A, 60225 NORRKÖPING"
"Brut Company AB","559476-6338","",""
"Rolf Eppens Arkitektur AB","556364-6040","08-651 00 80","Industrig. 4, 112 46 Stockholm"
"AIX Arkitekter AB","556319-2086","08-690 29 00","Hudiksvallsgatan 8, 113 30 Stockholm"
"ATRIO arkitekter Västervik AB","556084-0885","0490-168 50",""
"Åkerströms Arkitektkontor","500509-XXXX","0650-189 55","Nybyggaregatan 2, 82451 Hudiksvall"
"M5 Ewehag och Nilsson Arkitektur AB","556727-9913","013-25 25 30","Hamngatan 8, 582 26 LINKÖPING"
"BLS Arkitekter och Konstruktörer AB","559330-8546","010-146 84 99","Terminalvägen 14C C/O Bygglovservice, 86136 Timrå"
"Arkitektgruppen i Gävle AB","556046-8976","026-54 18 40","VÅGSKRIVARGATAN 5 1 TR, 80320 Gävle"
"gestalt arkitektur AB","556594-5275","031-338 99 66","Drottningg. 11, 411 14 GÖTEBORG"
"Erik Hammarstrand Design AB","556399-0851","070-820 78 10","Spelmansplatsen 5, 41652 GÖTEBORG"
"Metod Arkitekter i Uppsala AB","556610-7362","070-216 78 90",""
"Acanthus Arkitektur och Kulturvård AB","556813-0560","031-760 90 98","Pusterviksg. 15, 413 01 Göteborg"
"Reierstam Arkitektur & Projektutveckling AB","556903-5081","070-329 71 54","Lindholmsvägen 22, 18645 VALLENTUNA"
"3D House AB","556712-1396","08-716 87 50","Vikdalsgränd 10A, 131 52 Nacka Strand"
"Jais Landén Krantz Arkitekter AB","556363-0036","","Winstrupsgatan 1, 22222 Lund"
"Diabas Arkitekter AB","556677-0250","011-13 30 50","REPSLAGAREGATAN 19, 602 25 NORRKÖPING"
"Agrell Arkitektur AB","559516-1638","070-200 03 16","Stora Torget 3C, 598 37 Vimmerby"
"Pumilus AB","556872-6458","076-878 99 12","Priorsg. 21, 216 17 LIMHAMN"
"U.D. Urban Design AB","556603-8948","070-827 77 04",""
"Åbergs Arkitektkontor","559430-5046","031-26 71 40","Göteborgsvägen 73A, 433 63 Sävedalen"
"AB VIROK","559337-7137","073-038 83 65","Storgatan 50, 598 37 Vimmerby"
"Torget Arkitekter AB","556724-5898","070-824 28 56","Norr Mälarstrand 78, 112 35 Stockholm"
"FAAB, Arkitekter och byggnadskonsult","556220-1946","",""
"Per Persson Arkitekt AB","556904-0073","070-512 68 69","Salnö Havsbaden Kasenvägen 45, 764 92 Väddö"
"Argo Arkitekter AB","556223-9094","08-20 85 40","Repslagarg. 11, 118 46 STOCKHOLM"
"LOHK Arkitektkontor AB","556130-3149","031-40 93 40","Hängpilsgatan 5, 42677 Västra Frölunda"
"SWECO Sverige AB","556767-9849","08-695 60 00","Gjörwellsgatan 22, 112 60 Stockholm"
"AFRY Infrastructure AB","556185-2103","010-505 00 00","Frösundaleden 2 a, 169 75 Solna"
"Norconsult Sverige AB","556405-3964","010-141 80 00","Theres Svenssons Gata 11, 417 55 Göteborg"
"PE Teknik & Arkitektur AB","556896-8308","08-690 28 00","Hantverkargatan 25 a, 112 21 Stockholm"
"White arkitekter Aktiebolag","556140-1018","031-60 86 00","Magasinsgatan 10, 411 18 Göteborg"
"Inter IKEA Systems Service AB","556276-3549","072-584 94 80","Hyllie Boulevard 33 b, 215 32 Malmö"
"Tengbomgruppen Aktiebolag","556329-9113","010-303 06 00","Hälsingegatan 49, 113 31 Stockholm"
"IKEA Älmhult AB","559070-5058","0476-810 00","Ikeagatan 8, 343 36 Älmhult"
"Liljewall Arkitekter Aktiebolag","556145-0379","010-205 10 80","Odinsplatsen 1, 411 02 Göteborg"
"LINK Arkitektur AB","556283-8564","010-479 99 00","Virkesvägen 2, 120 31 Stockholm"
"FOJAB arkitekter AB","556689-6980","040-27 98 00","Friisgatan 28, 211 53 Malmö"
"ranwei AB","559306-4206","","Engelbrektsgatan 21, 114 32 Stockholm"
"Arkitekterna Krook & Tjäder i Göteborg AB","556340-8078","031-704 17 30","Prinsgatan 12, 413 05 Göteborg"
"MCES AB","556971-3927","","Skolgatan 43 a, 753 32 Uppsala"
"RKD Design AB","559171-7359","","Fiskebäcks Hamn 34, 426 58 Västra Frölunda"
"S Studios Sweden Aktiebolag","556807-0410","070-991 66 11","Gamla Almedalsvägen 27, 412 63 Göteborg"
"Wingårdh Arkitektkontor Aktiebolag","556339-7503","070-810 13 70","Kungsgatan 10 a, 411 19 Göteborg"
"Fredbergs Inredningar AB","556421-4897","0584-44 01 44","Storegårdsvägen 64, 542 35 Mariestad"
"Arkitema AB","556162-6150","08-545 856 00","Solna Strandväg 74, 171 54 Solna"
"Svenska Inredningsfabrikanters Försäljnings Aktiebolag","556319-0239","031-17 08 30","Viktoriagatan 24, 411 25 Göteborg"
"Wingårdh och Medarbetare Aktiebolag","556489-8491","070-810 13 70","Kungsgatan 10 a, 411 19 Göteborg"
"Semrén & Månsson Arkitekter AB","556748-3044","031-743 02 00","Polhemsplatsen 5, 411 11 Göteborg"
"A & P Arkitektkontor AB","556570-9846","","Skeppsbron 44, 111 30 Stockholm"
"bsv arkitekter & ingenjörer AB","556682-6573","010-130 03 00","Järnvägsgatan 3, 331 37 Värnamo"
"Projektbyggaren Teknik Syd AB","556281-1280","073-553 99 97","Stortorget 10 3tr, 371 13 Karlskrona"
"Lexium Service Management AB","556631-8449","010-210 45 00","Råsundavägen 20 b, 169 67 Solna"
"ÅWL Arkitekter Aktiebolag","556517-6012","08-555 786 00","Nytorgsgatan 30, 116 40 Stockholm"
"Yellon AB","556359-0917","","Framgången 1, 553 18 Jönköping"
"Kreera Samhällsbyggnad Sverige AB","556729-4011","040-17 65 50","Södra Förstadsgatan 4 6tr, 211 43 Malmö"
"Byrån för Arkitektur och Urbanism, BAU, AB","556416-8093","","Gävlegatan 12 a 5tr, 113 30 Stockholm"
"C.F. Møller Sverige AB","556549-4712","08-555 760 00","Renstiernas Gata 12 c, 116 28 Stockholm"
"A4 Entreprenad Stockholm AB","556864-0337","08-121 497 00","Heliosgatan 45, 120 63 Stockholm"
"Carlstedt Arkitekter Aktiebolag","556070-0089","08-696 95 30","Söder Mälarstrand 29/57, 118 25 Stockholm"
"Cedervall Arkitekter AB","556184-5073","08-616 83 20","Maria Bangata 6, 118 63 Stockholm"
"Strategisk Arkitektur Fries & Ekeroth Aktiebolag","556490-6575","08-586 176 00","Drottninggatan 25, 111 51 Stockholm"
"Manor H Service AB","556836-4219","","Södra Hamnvägen 32, 115 41 Stockholm"
"Arkitekterna Krook & Tjäder i Kristianstad AB","556335-5766","044-20 46 00","Döbelnsgatan 9, 291 31 Kristianstad"
"Set Up AB","556800-4328","073-508 09 99","Kungsgatan 57, 111 22 Stockholm"
"Palma Totalentreprenad AB","556940-2273","08-29 29 12","Frejgatan 20, 113 49 Stockholm"
"JRETAIL Bygg & Inredning AB","556815-2937","073-331 70 70","Energigatan 12, 434 37 Kungsbacka"
"Studio Stockholm Arkitektur AB","556929-8705","08-501 266 10","Repslagargatan 17 b, 118 46 Stockholm"
"DINELLJOHANSSON AB","556832-4064","070-729 35 09","Olofsgatan 12, 111 36 Stockholm"
"Arqly Sverige AB","556599-2251","010-516 26 00","Västgötegatan 7, 602 21 Norrköping"
"Coordia Consult Aktiebolag","556123-7420","08-626 64 00","Sollentunavägen 63, 191 40 Sollentuna"
"Cheil Nordic AB","556932-8403","08-632 06 67","Torshamnsgatan 44 2tr, 164 40 Kista"
"Okidoki AB","556689-3664","073-707 69 22","Kastellgatan 1, 411 22 Göteborg"
"Archus Arkitektur AB","556733-6374","021-15 60 00","Kopparbergsvägen 8, 722 13 Västerås"
"Inventia Inredningsbyrån AB","556400-1542","08-642 00 40","Hammarby Kaj 44, 120 63 Stockholm"
"Fredblad Arkitekter Aktiebolag","556500-5492","035-17 49 00","Bastionsgatan 1, 302 43 Halmstad"
"Arkitekterna Krook & Tjäder i Malmö AB","556666-6334","","Kanalgatan 5, 211 40 Malmö"
"DAP Stockholm AB","556722-5007","08-611 56 01","c/o 7WISE ADVOKATBYRÅ KB, Kungsgatan 56, 111 22 Stockholm"
"Kaminsky Arkitektur AB","556723-9545","031-761 20 01","Viktor Rydbergsgatan 14, 411 32 Göteborg"
"Brunnberg & Forshed Arkitektkontor Aktiebolag","556272-3113","08-617 61 00","Linnégatan 89 b Vån 5, 115 23 Stockholm"
"Unik Fastighetsförmedling Stockholm AB","559117-2365","","c/o Torsplan 8, Torsplan 8, 113 65 Stockholm"
"Zynka BIM AB","556960-2864","076-893 39 42","Sankt Eriksgatan 5, 411 05 Göteborg"
"Rundquist arkitekter AB","556565-5742","08-545 132 80","Textilgatan 43 d, 120 30 Stockholm"
"Reflex Arkitekter AB","556813-9033","","Repslagargatan 17 a, 118 46 Stockholm"
"Landskapslaget Aktiebolag","556357-5579","08-442 48 20","Ölandsgatan 42, 116 63 Stockholm"
"Harjak & Månsson AB","556466-0040","08-762 81 21","Nk 177, 111 77 Stockholm"
"AFRY sandellsandberg AB","556464-9308","08-506 531 00","Frösundaleden 2 a, 169 99 Stockholm"
"Wester & Elsner Arkitekter AB","556663-5016","","Blasieholmsgatan 4 a, 111 48 Stockholm"
"The Hammer group AB","556646-9424","013-10 62 00","Box 464, 581 05 Linköping"
"ETTELVA Arkitekter AB","556298-7445","08-785 05 60","Maria Skolgata 79 a, 118 53 Stockholm"
"AG arkitekter AB","556533-9404","08-692 06 40","Warfvinges Väg 30, 112 51 Stockholm"
"Radar arkitektur & planering AB","556670-6197","","Surbrunnsgatan 6, 411 19 Göteborg"
"Arkitekterna Krook & Tjäder i Stockholm AB","556704-5629","08-402 55 70","Östgötagatan 50, 116 64 Stockholm"
"MER Arkitekter AB","556527-3009","08-658 79 00","Maria Skolgata 79 a, 118 53 Stockholm"
"Funkia AB","556726-6480","08-669 39 06","Kabyssgatan 4 d, 120 30 Stockholm"
"Structor Örebro AB","556766-2993","019-676 26 00","Gustavsviksvägen 3, 702 44 Örebro"
"Krook & Tjäder Holding AB","556716-0394","","Prinsgatan 12, 413 05 Göteborg"
"Studio Ramson AB","559093-5937","","Riddargatan 23, 114 57 Stockholm"
"Codesign Sweden AB","556561-3980","08-503 020 30","Hantverkargatan 12, 112 21 Stockholm"
"Farmore Creative Interior Solutions Aktiebolag","559017-2697","","Krokslätts Fabriker 30, 431 37 Mölndal"
"Feel Design AB","556817-1309","","Karstorpsvägen 2, 289 92 Broby"
"Lindberg Stenberg Arkitekter Aktiebolag","556250-6609","08-406 87 00","Pustegränd 3, 118 20 Stockholm"
"Ett Vackert Hem 2.0 AB","559276-4814","","Järnvägsgatan 32, 131 54 Nacka"
"Interior Design Collection Luleå AB","556560-9681","0920-22 01 01","Kungsgatan 8 b, 972 34 Luleå"
"Rumrum Aktiebolag","556544-2174","040-30 31 00","Gustav Adolfs Torg 10 a, 211 39 Malmö"
"Husdesign Gruppen Sverige AB","559123-7994","","Olbergavägen 15, 734 92 Hallstahammar"
"Murman Arkitekter AB","556292-6724","08-462 14 50","Tjärhovsgatan 4, 116 21 Stockholm"
"Stockholms Interiörgolv AB","556387-1747","08-568 798 83","Åmmebergsgatan 36, 124 70 Bandhagen"
"EB Studio AB","556849-2325","076-791 09 56","c/o Johan Ernstsson / Johan Borg, Adelgatan 2, 211 22 Malmö"
"Klara Arkitektbyrå i Karlstad Aktiebolag","556486-4329","","Södra Kyrkogatan 6 4tr, 652 24 Karlstad"
"E&N Tapetserare & Inredning AB","556647-0950","08-29 73 03","Järnvägsgatan 58, 172 35 Sundbyberg"
"Andreas Martin-Löf Arkitekter AB","556755-7714","08-644 77 02","Kungsholmstorg 1, 112 21 Stockholm"
"Arya Invest AB","556763-0107","","Biblioteksgatan 11, 111 46 Stockholm"
